<?xml version="1.0" encoding="utf-8"?>
<manifest xmlns="http://www.we7.cc" versionCode="0.6,0.7">
	<application setting="true">
		<name><![CDATA[积分宝]]></name>
		<identifie><![CDATA[tiger_jifenbao]]></identifie>
		<version><![CDATA[2.54]]></version>
		<type><![CDATA[activity]]></type>
		<ability><![CDATA[积分宝]]></ability>
		<description><![CDATA[积分宝]]></description>
		<author><![CDATA[老虎]]></author>
		<url><![CDATA[http://www.we7.cc/]]></url>
	</application>
	<platform>
		<subscribes>
			<message type="text" />
			<message type="image" />
			<message type="voice" />
			<message type="video" />
			<message type="shortvideo" />
			<message type="location" />
			<message type="link" />
			<message type="subscribe" />
			<message type="unsubscribe" />
			<message type="qr" />
			<message type="trace" />
			<message type="click" />
			<message type="view" />
			<message type="merchant_order" />
		</subscribes>
		<handles>
			<message type="image" />
			<message type="voice" />
			<message type="video" />
			<message type="shortvideo" />
			<message type="location" />
			<message type="link" />
			<message type="subscribe" />
			<message type="qr" />
			<message type="trace" />
			<message type="click" />
			<message type="merchant_order" />
			<message type="text" />
		</handles>
		<rule embed="true" />
		<card embed="false" />
	</platform>
	<bindings>
		<cover>
			<entry title="积分排行榜" do="Ranking" state="" direct="false" />
			<entry title="我的积分" do="Records" state="" direct="false" />
			<entry title="商城入口" do="Goods" state="" direct="false" />
			<entry title="提现入口" do="Tixian" state="" direct="false" />
			<entry title="兑吧积分商城" do="Duibagoods" state="" direct="false" />
		</cover>
		<menu>
			<entry title="红包设置" do="set" state="" direct="false" />
			<entry title="推广人数" do="share" state="" direct="false" />
			<entry title="商城管理" do="goods" state="" direct="false" />
			<entry title="兑换记录" do="request" state="" direct="false" />
			<entry title="店员添加" do="dianyuan" state="" direct="false" />
			<entry title="核销记录" do="hexiao" state="" direct="false" />
			<entry title="红包兑换记录" do="dhlist" state="" direct="false" />
			<entry title="提现记录" do="txlist" state="" direct="false" />
			<entry title="广告管理" do="ad" state="" direct="false" />
		</menu>
	</bindings>
	<permissions>
	</permissions>
	<install><![CDATA[CREATE TABLE IF NOT EXISTS `ims_tiger_jifenbao_ad` (
  `id` int(11) NOT NULL AUTO_INCREMENT,
  `weid` int(11) DEFAULT '0',
  `title` varchar(250) DEFAULT '0',
  `pic` varchar(250) DEFAULT '0',
  `url` varchar(250) DEFAULT '0',
  `createtime` int(10) NOT NULL,
  PRIMARY KEY (`id`)
) ENGINE=MyISAM DEFAULT CHARSET=utf8;
CREATE TABLE IF NOT EXISTS `ims_tiger_jifenbao_dborder` (
  `id` int(10) unsigned NOT NULL AUTO_INCREMENT,
  `uniacid` int(11) DEFAULT '0',
  `uid` int(10) NOT NULL COMMENT '用户ID',
  `bizId` varchar(30) NOT NULL COMMENT '订单号',
  `orderNum` varchar(255) NOT NULL COMMENT '兑吧订单号',
  `credits` int(20) NOT NULL COMMENT '积分',
  `params` varchar(255) NOT NULL,
  `type` varchar(50) NOT NULL,
  `ip` varchar(15) NOT NULL COMMENT '客户端ip',
  `starttimestamp` int(10) DEFAULT NULL COMMENT '下单时间',
  `endtimestamp` int(10) DEFAULT NULL COMMENT '成功时间',
  `waitAudit` int(8) DEFAULT '0' COMMENT '是否审核',
  `Audit` int(1) DEFAULT '0' COMMENT '审核状态',
  `actualPrice` int(11) DEFAULT '0' COMMENT '扣除费用',
  `description` varchar(255) NOT NULL COMMENT '描述',
  `facePrice` int(11) DEFAULT '0' COMMENT '市场价值',
  `itemCode` varchar(255) NOT NULL COMMENT '商品编码',
  `Audituser` varchar(255) NOT NULL COMMENT '审核员',
  `status` int(1) DEFAULT '0' COMMENT '订单状态',
  `createtime` int(10) DEFAULT '0' COMMENT '时间',
  PRIMARY KEY (`id`),
  KEY `indx_uniacid` (`uniacid`),
  KEY `indx_bizId` (`bizId`)
) ENGINE=MyISAM DEFAULT CHARSET=utf8;
CREATE TABLE IF NOT EXISTS `ims_tiger_jifenbao_dbrecord` (
  `id` int(10) unsigned NOT NULL AUTO_INCREMENT,
  `weid` int(11) DEFAULT '0',
  `uid` int(11) DEFAULT '0',
  `nickname` varchar(200) NOT NULL,
  `openid` varchar(50) NOT NULL,
  `orderNum` varchar(200) NOT NULL,
  `credits` varchar(200) NOT NULL,
  `params` varchar(255) NOT NULL,
  `type` varchar(200) NOT NULL,
  `ip` varchar(200) NOT NULL,
  `sign` varchar(255) NOT NULL,
  `timestamp` int(11) DEFAULT '0',
  `waitAudit` varchar(255) NOT NULL,
  `actualPrice` varchar(255) NOT NULL,
  `description` varchar(255) NOT NULL,
  `paramsTest4` varchar(255) NOT NULL,
  `facePrice` varchar(255) NOT NULL,
  `appKey` varchar(255) NOT NULL,
  `status` int(11) DEFAULT '0',
  PRIMARY KEY (`id`)
) ENGINE=MyISAM DEFAULT CHARSET=utf8;
CREATE TABLE IF NOT EXISTS `ims_tiger_jifenbao_dianyuan` (
  `id` int(11) NOT NULL AUTO_INCREMENT,
  `weid` int(11) DEFAULT '0',
  `openid` varchar(50) DEFAULT '0',
  `nickname` varchar(50) DEFAULT '0',
  `ename` varchar(50) DEFAULT '0',
  `tel` varchar(50) DEFAULT '0',
  `password` varchar(50) DEFAULT '0',
  `companyname` varchar(200) DEFAULT '0',
  `createtime` int(10) NOT NULL,
  PRIMARY KEY (`id`)
) ENGINE=MyISAM DEFAULT CHARSET=utf8;
CREATE TABLE IF NOT EXISTS `ims_tiger_jifenbao_goods` (
  `goods_id` int(10) unsigned NOT NULL AUTO_INCREMENT,
  `weid` int(10) unsigned NOT NULL,
  `px` int(10) NOT NULL DEFAULT '0',
  `shtype` int(2) NOT NULL DEFAULT '0',
  `title` varchar(50) NOT NULL,
  `hot` varchar(50) NOT NULL,
  `hotcolor` varchar(50) NOT NULL,
  `leibei` varchar(10) NOT NULL,
  `logo` varchar(255) NOT NULL,
  `appurl` varchar(300) DEFAULT '0',
  `amount` int(11) NOT NULL DEFAULT '0',
  `day_sum` int(11) NOT NULL DEFAULT '0',
  `cardid` varchar(200) NOT NULL,
  `deadline` datetime NOT NULL,
  `per_user_limit` int(11) NOT NULL DEFAULT '0',
  `starttime` varchar(12) DEFAULT NULL,
  `endtime` varchar(12) DEFAULT NULL,
  `cost` int(11) NOT NULL DEFAULT '0',
  `cost_type` int(11) NOT NULL DEFAULT '1' COMMENT '1系统积分 2会员积分 4,8等留作扩展',
  `price` decimal(10,2) NOT NULL DEFAULT '0.10' COMMENT '商品价格',
  `vip_require` int(10) NOT NULL DEFAULT '0' COMMENT '兑换最低VIP级别',
  `content` text NOT NULL,
  `type` int(11) NOT NULL DEFAULT '0' COMMENT '是否需要填写收货地址,1,实物需要填写地址,0虚拟物品不需要填写地址',
  `dj_link` varchar(255) NOT NULL,
  `wl_link` varchar(255) NOT NULL,
  `createtime` int(10) NOT NULL,
  PRIMARY KEY (`goods_id`)
) ENGINE=MyISAM DEFAULT CHARSET=utf8;
CREATE TABLE IF NOT EXISTS `ims_tiger_jifenbao_hexiao` (
  `id` int(11) NOT NULL AUTO_INCREMENT,
  `weid` int(11) DEFAULT '0',
  `dianyanid` int(11) DEFAULT '0',
  `openid` varchar(50) DEFAULT '0',
  `nickname` varchar(50) DEFAULT '0',
  `ename` varchar(50) DEFAULT '0',
  `companyname` varchar(200) DEFAULT '0',
  `goodname` varchar(200) DEFAULT '0',
  `goodid` int(11) DEFAULT '0',
  `createtime` int(10) NOT NULL,
  PRIMARY KEY (`id`)
) ENGINE=MyISAM DEFAULT CHARSET=utf8;
CREATE TABLE IF NOT EXISTS `ims_tiger_jifenbao_member` (
  `id` int(11) NOT NULL AUTO_INCREMENT,
  `weid` int(11) NOT NULL,
  `from_user` varchar(100) NOT NULL,
  `openid` varchar(100) NOT NULL,
  `helpid` int(11) NOT NULL,
  `unionid` varchar(100) NOT NULL,
  `nickname` varchar(100) NOT NULL,
  `sex` tinyint(1) NOT NULL DEFAULT '0',
  `follow` tinyint(1) NOT NULL DEFAULT '0',
  `headimgurl` varchar(255) NOT NULL,
  `city` varchar(100) NOT NULL,
  `province` varchar(100) NOT NULL,
  `country` varchar(100) NOT NULL,
  `time` int(13) DEFAULT NULL,
  `enable` tinyint(1) NOT NULL DEFAULT '0',
  PRIMARY KEY (`id`)
) ENGINE=MyISAM DEFAULT CHARSET=utf8;
CREATE TABLE IF NOT EXISTS `ims_tiger_jifenbao_paylog` (
  `id` int(11) unsigned NOT NULL AUTO_INCREMENT,
  `uniacid` int(11) DEFAULT NULL,
  `dwnick` varchar(255) DEFAULT NULL COMMENT '微信用户昵称',
  `dopenid` varchar(255) DEFAULT NULL COMMENT '微信用户openid',
  `dtime` int(11) DEFAULT NULL COMMENT '打款时间',
  `dcredit` int(11) DEFAULT NULL COMMENT '消耗积分',
  `dtotal_amount` int(11) DEFAULT NULL COMMENT '金额，分为单位',
  `dmch_billno` varchar(50) DEFAULT NULL COMMENT '生成的商户订单号',
  `dissuccess` tinyint(1) DEFAULT NULL COMMENT '是否打款成功',
  `dresult` varchar(255) DEFAULT NULL COMMENT '失败提示',
  PRIMARY KEY (`id`)
) ENGINE=MyISAM AUTO_INCREMENT=4 DEFAULT CHARSET=utf8;
CREATE TABLE IF NOT EXISTS `ims_tiger_jifenbao_poster` (
  `id` int(11) NOT NULL AUTO_INCREMENT,
  `weid` int(11) DEFAULT NULL,
  `title` varchar(100) DEFAULT NULL,
  `type` int(1) DEFAULT NULL,
  `data` text,
  `createtime` varchar(12) DEFAULT NULL,
  `bg` varchar(200) DEFAULT NULL,
  `tzurl` varchar(250) DEFAULT NULL,
  `city` varchar(200) DEFAULT NULL,
  `doneurl` varchar(200) DEFAULT NULL,
  `tipsurl` varchar(200) DEFAULT NULL,
  `score` int(11) DEFAULT '0',
  `score2` int(11) DEFAULT '0',
  `cscore` int(11) DEFAULT '0',
  `cscore2` int(11) DEFAULT '0',
  `pscore` int(11) DEFAULT '0',
  `pscore2` int(11) DEFAULT '0',
  `scorehb` float DEFAULT '0',
  `cscorehb` float DEFAULT '0',
  `pscorehb` float DEFAULT '0',
  `mbfont` varchar(50) DEFAULT NULL,
  `gid` int(11) DEFAULT '0',
  `kdtype` tinyint(1) NOT NULL DEFAULT '0',
  `kword` varchar(20) DEFAULT NULL,
  `mtips` varchar(200) DEFAULT NULL,
  `sliders` text,
  `slideH` int(11) DEFAULT '0',
  `credit` int(1) DEFAULT '0',
  `winfo1` varchar(200) DEFAULT NULL,
  `winfo2` varchar(200) DEFAULT NULL,
  `winfo3` varchar(200) DEFAULT NULL,
  `sharekg` int(11) DEFAULT '0',
  `sharetitle` varchar(200) DEFAULT NULL,
  `sharegzurl` varchar(200) DEFAULT NULL,
  `sharedesc` varchar(200) DEFAULT NULL,
  `sharethumb` varchar(200) DEFAULT NULL,
  `stitle` text,
  `sthumb` text,
  `sdesc` text,
  `surl` text,
  `questions` text,
  `rid` int(11) DEFAULT '0',
  `rtype` int(1) DEFAULT '0',
  `ftips` text,
  `utips` text,
  `utips2` text,
  `wtips` text,
  `starttime` varchar(12) DEFAULT NULL,
  `endtime` varchar(12) DEFAULT NULL,
  `mbstyle` varchar(50) DEFAULT NULL,
  `mbcolor` varchar(50) DEFAULT NULL,
  `nostarttips` text,
  `endtips` text,
  `grouptips` text,
  `tztype` tinyint(1) NOT NULL DEFAULT '0',
  `groups` text,
  `rscore` int(11) DEFAULT '0',
  `rtips` text,
  PRIMARY KEY (`id`)
) ENGINE=MyISAM DEFAULT CHARSET=utf8;
CREATE TABLE IF NOT EXISTS `ims_tiger_jifenbao_record` (
  `id` int(11) NOT NULL AUTO_INCREMENT,
  `weid` int(11) DEFAULT NULL,
  `pid` int(11) DEFAULT NULL,
  `openid` varchar(200) DEFAULT NULL,
  `score` int(11) DEFAULT '0',
  `surplus` int(11) DEFAULT '0',
  `createtime` varchar(20) DEFAULT NULL,
  PRIMARY KEY (`id`)
) ENGINE=MyISAM DEFAULT CHARSET=utf8;
CREATE TABLE IF NOT EXISTS `ims_tiger_jifenbao_request` (
  `id` int(10) unsigned NOT NULL AUTO_INCREMENT,
  `weid` int(10) unsigned NOT NULL,
  `from_user_realname` varchar(50) NOT NULL,
  `from_user` varchar(50) NOT NULL,
  `openid` varchar(50) NOT NULL,
  `image` varchar(300) DEFAULT '0',
  `realname` varchar(200) NOT NULL,
  `mobile` varchar(200) NOT NULL,
  `residedist` varchar(200) NOT NULL,
  `alipay` varchar(200) NOT NULL,
  `note` varchar(200) NOT NULL,
  `goods_id` int(10) unsigned NOT NULL,
  `createtime` int(10) unsigned NOT NULL DEFAULT '0',
  `cost` decimal(10,2) NOT NULL DEFAULT '0.00',
  `price` decimal(10,2) NOT NULL DEFAULT '0.00',
  `status` varchar(20) NOT NULL,
  `kuaidi` varchar(200) NOT NULL,
  PRIMARY KEY (`id`)
) ENGINE=MyISAM DEFAULT CHARSET=utf8;
CREATE TABLE IF NOT EXISTS `ims_tiger_jifenbao_set` (
  `id` int(11) NOT NULL AUTO_INCREMENT,
  `weid` int(11) DEFAULT '0',
  `hbsum` int(1) DEFAULT NULL COMMENT '红包总金额',
  `hbtext` varchar(200) DEFAULT NULL COMMENT '红包兑换结束提示',
  PRIMARY KEY (`id`),
  KEY `idx_weid` (`weid`)
) ENGINE=MyISAM DEFAULT CHARSET=utf8;
CREATE TABLE IF NOT EXISTS `ims_tiger_jifenbao_share` (
  `id` int(11) NOT NULL AUTO_INCREMENT,
  `weid` int(11) DEFAULT '0',
  `openid` varchar(50) DEFAULT '0',
  `from_user` varchar(100) NOT NULL,
  `jqfrom_user` varchar(100) NOT NULL,
  `nickname` varchar(50) DEFAULT '0',
  `avatar` varchar(200) DEFAULT NULL,
  `score` int(11) DEFAULT '0',
  `cscore` int(11) DEFAULT '0',
  `pscore` int(11) DEFAULT '0',
  `pid` int(11) DEFAULT '0',
  `sceneid` int(11) DEFAULT '0',
  `ticketid` varchar(200) DEFAULT NULL,
  `url` varchar(200) DEFAULT NULL,
  `parentid` int(11) DEFAULT '0',
  `helpid` int(11) DEFAULT '0',
  `follow` tinyint(1) NOT NULL DEFAULT '0',
  `status` int(1) DEFAULT '0',
  `hasdel` int(1) DEFAULT '0',
  `createtime` varchar(50) DEFAULT NULL,
  `updatetime` varchar(50) DEFAULT '0',
  `province` varchar(50) DEFAULT NULL,
  `city` varchar(50) DEFAULT NULL,
  PRIMARY KEY (`id`),
  UNIQUE KEY `openid` (`pid`,`openid`),
  KEY `pid` (`pid`)
) ENGINE=MyISAM DEFAULT CHARSET=utf8;
CREATE TABLE IF NOT EXISTS `ims_tiger_jifenbao_ticket` (
  `id` int(11) NOT NULL AUTO_INCREMENT,
  `weid` int(11) DEFAULT '0',
  `ticket` varchar(255) DEFAULT '0',
  `createtime` int(10) NOT NULL,
  PRIMARY KEY (`id`)
) ENGINE=MyISAM DEFAULT CHARSET=utf8;
CREATE TABLE IF NOT EXISTS `ims_tiger_jifenbao_tixianlog` (
  `id` int(11) unsigned NOT NULL AUTO_INCREMENT,
  `uniacid` int(11) DEFAULT NULL,
  `dwnick` varchar(255) DEFAULT NULL COMMENT '微信用户昵称',
  `dopenid` varchar(255) DEFAULT NULL COMMENT '微信用户openid',
  `dtime` int(11) DEFAULT NULL COMMENT '打款时间',
  `dcredit` int(11) DEFAULT NULL COMMENT '消耗积分',
  `dtotal_amount` int(11) DEFAULT NULL COMMENT '金额，分为单位',
  `dmch_billno` varchar(50) DEFAULT NULL COMMENT '生成的商户订单号',
  `dissuccess` tinyint(1) DEFAULT NULL COMMENT '是否打款成功',
  `dresult` varchar(255) DEFAULT NULL COMMENT '失败提示',
  PRIMARY KEY (`id`)
) ENGINE=MyISAM AUTO_INCREMENT=4 DEFAULT CHARSET=utf8;
]]></install>
	<uninstall><![CDATA[DROP TABLE IF EXISTS `ims_tiger_jifenbao_ad`;
DROP TABLE IF EXISTS `ims_tiger_jifenbao_dborder`;
DROP TABLE IF EXISTS `ims_tiger_jifenbao_dbrecord`;
DROP TABLE IF EXISTS `ims_tiger_jifenbao_dianyuan`;
DROP TABLE IF EXISTS `ims_tiger_jifenbao_goods`;
DROP TABLE IF EXISTS `ims_tiger_jifenbao_hexiao`;
DROP TABLE IF EXISTS `ims_tiger_jifenbao_member`;
DROP TABLE IF EXISTS `ims_tiger_jifenbao_paylog`;
DROP TABLE IF EXISTS `ims_tiger_jifenbao_poster`;
DROP TABLE IF EXISTS `ims_tiger_jifenbao_record`;
DROP TABLE IF EXISTS `ims_tiger_jifenbao_request`;
DROP TABLE IF EXISTS `ims_tiger_jifenbao_set`;
DROP TABLE IF EXISTS `ims_tiger_jifenbao_share`;
DROP TABLE IF EXISTS `ims_tiger_jifenbao_ticket`;
DROP TABLE IF EXISTS `ims_tiger_jifenbao_tixianlog`;
]]></uninstall>
	<upgrade><![CDATA[update.php]]></upgrade>
</manifest>